        Txhash,        Owner,        UnixTime,        Time,        Source,        Platform,        Side,        VolumeUSD,        Price,        From Address,        From Symbol,        From Decimals,        From Amount,        From UiAmount,        To Address,        To Symbol,        To Decimals,        To Amount,        To UiAmount,        
sJXuSwuVxoM4vd15Hturvu8nUbKC4zWJLZQoVzTAa8r2BNf4Py92yJ1ogPJyxjTSu6njRUeCRJuhFQ3joWhekzc,GnaN6qurWGyDtoP3JwyV2mLjnjp9W7VVGijbP3FnEsDo,1725672001,2024-09-07T01:20:01.000Z,Pump.fun,Pump.fun,buy,12.37896436468335,0.000003668974444497313,So11111111111111111111111111111111111111112,SOL,9,99413462,0.099413462,62F1XLbKEPq3eBUQrLdrwgBQxjxvwZAJ5gNoJkwc8tow,encrypted,6,3373957641828,3373957.641828
5GYT6x4GmhgKonAwke52A7DXfBNVL7iZZ3BSipJ1UWXW2BFZdGLWwiXTgD5dpHRe9za6PGvrZ21jFXdqes7rnS8R,7b6eRaTbxoYBxQdHm4UakXn6igUZyXiCjRhZw5ntwEqy,1725671998,2024-09-07T01:19:58.000Z,Pump.fun,Pump.fun,sell,11.25979092525216,0.000003667905356914441,62F1XLbKEPq3eBUQrLdrwgBQxjxvwZAJ5gNoJkwc8tow,encrypted,6,3069815011455,3069815.011455,So11111111111111111111111111111111111111112,SOL,9,90425561,0.090425561
5LvPXE3hbKgiPfudeVJip6uDguCpwkgXJSSymCFPvCyvYYPMvX5QAjtnjRP1GfgsXJw1Y6aUa4HtMGbfxaLfYEV9,Cxw3Lodm8U23qEHEt2Fv85Gsbw8x1Zq7DxzFEd49Afes,1725671986,2024-09-07T01:19:46.000Z,Pump.fun,Pump.fun,sell,6.1528797393538,0.0000036849055508176956,62F1XLbKEPq3eBUQrLdrwgBQxjxvwZAJ5gNoJkwc8tow,encrypted,6,1669752359864,1669752.359864,So11111111111111111111111111111111111111112,SOL,9,49408501,0.049408501
hAzuqPeDNqvC1YxRxpuA9eZfcUo4e5nmJpmoDWRmAadE1dUjmuZd96kZydXnEvCEoqiSdNuvHo4ivDVL95vATxv,F9LUHymnCz2rsf3F9kGXmrsyXFfKbvCqiv5ZmfVF8rud,1725671979,2024-09-07T01:19:39.000Z,Pump.fun,Pump.fun,buy,2.491524101996246,0.000003689764721593389,So11111111111111111111111111111111111111112,SOL,9,20000001,0.020000001,62F1XLbKEPq3eBUQrLdrwgBQxjxvwZAJ5gNoJkwc8tow,encrypted,6,675252838593,675252.838593
hycbbSTHii8u4qKZ8caJteE4i9yZq1a9vq48fQfG9R118N7Gf98Gh99HsNGYHCYE7shVsDF3HCNQwKrMtwsEak2,C9uKHaCBZuz6TzkxMsDBmbtqEfHyaVzqeYfe5pWb2aFy,1725671975,2024-09-07T01:19:35.000Z,Pump.fun,Pump.fun,buy,2.491524101996246,0.00000368498639589635,So11111111111111111111111111111111111111112,SOL,9,20000001,0.020000001,62F1XLbKEPq3eBUQrLdrwgBQxjxvwZAJ5gNoJkwc8tow,encrypted,6,676128439652,676128.439652
2Rh98QAVZzvZBmkaDuEirLqS5jCd2beBPnZ2rFqwYF5ygJRX8ffaGN8LoKsCHpiwjpRhvzYeKTnB9GZ7b84KCGsR,HFHVwVK8NNjGXBtXskYt17Xvn97g59zrnWXpmLKNyfxc,1725671961,2024-09-07T01:19:21.000Z,Pump.fun,Pump.fun,buy,18.693450429719995,0.000003666068332585413,So11111111111111111111111111111111111111112,SOL,9,150000001,0.150000001,62F1XLbKEPq3eBUQrLdrwgBQxjxvwZAJ5gNoJkwc8tow,encrypted,6,5099045826169,5099045.826169
rs11Bh2okGwbYqcnXg1zdhbqfLcK9EvWEV9taeoXNV8Sa4mMizskEMxFG66DWfrgb2mLVcJzRgDwc199D58x6ty,C9uKHaCBZuz6TzkxMsDBmbtqEfHyaVzqeYfe5pWb2aFy,1725671946,2024-09-07T01:19:06.000Z,Pump.fun,Pump.fun,buy,16.19815883517233,0.0000036321568476861255,So11111111111111111111111111111111111111112,SOL,9,130000001,0.130000001,62F1XLbKEPq3eBUQrLdrwgBQxjxvwZAJ5gNoJkwc8tow,encrypted,6,4459652904442,4459652.904442
24Pph2i8gNNkkM98NLtijuExi6bsKKmLFYt8C81jGQKmUfbXDeWSr8Dh5v36Mc2fpKbkFiixS5z71zw6SLiPLnZw,5eT94r7AMZKQevu1WDrNRqGUr37PAUTF686wxpyqvffK,1725671915,2024-09-07T01:18:35.000Z,Pump.fun,Pump.fun,sell,15.912122271887466,0.0000036323791774453656,62F1XLbKEPq3eBUQrLdrwgBQxjxvwZAJ5gNoJkwc8tow,encrypted,6,4380633599788,4380633.599788,So11111111111111111111111111111111111111112,SOL,9,127686945,0.127686945
Wdgdnnw9aeV5tN7zhEenvfb1UuY1Amiw6BmFQt2dHrEXtSj6KDUv843gospDm23EixeiSG3BdJSL6faYphFb46G,67bYX3Y8SBLsPm4WuRuborZTHgTVA9dxsns4bQtGwFsd,1725671913,2024-09-07T01:18:33.000Z,Pump.fun,Pump.fun,sell,78.38052735988569,0.0000037231810324145896,62F1XLbKEPq3eBUQrLdrwgBQxjxvwZAJ5gNoJkwc8tow,encrypted,6,21052032301812,21052032.301812,So11111111111111111111111111111111111111112,SOL,9,628812074,0.628812074
5Y1gPbSiUzfvJQNqAiG2qNAdxgRk84eLXCxR44VDKNcRgkLxTZrxfGVAErQP8pzmaTit856dtb9gDn1dgy6sJqpz,7b6eRaTbxoYBxQdHm4UakXn6igUZyXiCjRhZw5ntwEqy,1725671905,2024-09-07T01:18:25.000Z,Pump.fun,Pump.fun,buy,11.622395564266993,0.0000037860247346820834,So11111111111111111111111111111111111111112,SOL,9,93293324,0.093293324,62F1XLbKEPq3eBUQrLdrwgBQxjxvwZAJ5gNoJkwc8tow,encrypted,6,3069815011455,3069815.011455
Y39ohPgTKJYo79L6A1GSvvVpiekQxa7iE5KQovqT51RcC79YCbzuaX6esmTb2JD4EnQJsyf2kWZvZSDpNfcf9wA,F6AndaPKN8VYtGdNem7HGY3fE12jqJfL2yoHoijCeEzD,1725671904,2024-09-07T01:18:24.000Z,Pump.fun,BSfD6SHZigAfDWSjzD5Q41jw8LmKwtmjskPH9XW1mrRW,sell,90.09121959853498,0.0000038621550936564434,62F1XLbKEPq3eBUQrLdrwgBQxjxvwZAJ5gNoJkwc8tow,encrypted,6,23326670579985,23326670.579985,So11111111111111111111111111111111111111112,SOL,9,723164970,0.72316497
2rkaf4eredewr3thtJSSQU8JU5wAPTDyJshq8XGUozcBo3A3QyB4UQ7c5KTh8aTc1cZwFFrDVHqdCLxFFYefR1zb,2HpvvY7TcbSdr8uNrDBUyEvbD9mcjg4ssmWQFcQcwJap,1725671901,2024-09-07T01:18:21.000Z,Pump.fun,BSfD6SHZigAfDWSjzD5Q41jw8LmKwtmjskPH9XW1mrRW,sell,66.42308075900742,0.000004098750236209749,62F1XLbKEPq3eBUQrLdrwgBQxjxvwZAJ5gNoJkwc8tow,encrypted,6,16205691230513,16205691.230513,So11111111111111111111111111111111111111112,SOL,9,533180097,0.533180097
2sBZyU8AmyKEvKNWMm1RPQutHq7176zseNnomPto6jvDsUVK7gAwn3ovGqUzEoV49iK5BfGJExGzfF8ATnwH6MsM,7LPvnrYsT8RgkSMTDKC8wx2rqoNKtwAP2ziqGhtCDBHH,1725671901,2024-09-07T01:18:21.000Z,Pump.fun,BSfD6SHZigAfDWSjzD5Q41jw8LmKwtmjskPH9XW1mrRW,sell,47.1169720474254,0.000003998356843991461,62F1XLbKEPq3eBUQrLdrwgBQxjxvwZAJ5gNoJkwc8tow,encrypted,6,11784083783875,11784083.783875,So11111111111111111111111111111111111111112,SOL,9,378209373,0.378209373
3UaUzntaJBqvx5ukxmmjqsdPo46cXLpRCUfQNUCHv8H721UrUgwPmcK2c2GWUQgU6kao7196gJWQixx6KCcsoyn6,Cxw3Lodm8U23qEHEt2Fv85Gsbw8x1Zq7DxzFEd49Afes,1725671901,2024-09-07T01:18:21.000Z,Pump.fun,Pump.fun,buy,6.7439763450294485,0.000004038908108253095,So11111111111111111111111111111111111111112,SOL,9,54134104,0.054134104,62F1XLbKEPq3eBUQrLdrwgBQxjxvwZAJ5gNoJkwc8tow,encrypted,6,1669752359864,1669752.359864
4Do81FY22msQz2HiDmsaeYaAmZbc2GjkCkzXXCyR9sB11iJBv5KTLtAwvz3tWezSvcdEakQ5GhdTvRCXKBEeoz4q,HFHVwVK8NNjGXBtXskYt17Xvn97g59zrnWXpmLKNyfxc,1725671899,2024-09-07T01:18:19.000Z,Pump.fun,Pump.fun,buy,62.28953524858748,0.000004102963551280205,So11111111111111111111111111111111111111112,SOL,9,500000001,0.500000001,62F1XLbKEPq3eBUQrLdrwgBQxjxvwZAJ5gNoJkwc8tow,encrypted,6,15181596051262,15181596.051262
5kGzjgmqcccd6iu32GfFv26WJrWbpWCJkpbtygycMtG9odmyEFYNEnEVaHChdqB19CMAg4RpKHBBNwSNgFVEiaS1,24esUiovAoCfVhx1deNY4rCB8S2GSCZfSjFqb9fYsq9R,1725671892,2024-09-07T01:18:12.000Z,Pump.fun,Pump.fun,sell,10.327788338318049,0.0000040512516108551374,62F1XLbKEPq3eBUQrLdrwgBQxjxvwZAJ5gNoJkwc8tow,encrypted,6,2549283364836,2549283.364836,So11111111111111111111111111111111111111112,SOL,9,82892335,0.082892335
3b5LtA882zvtcBWQgPEh6yy1NSTmYusSDQqoieUNFhUQ2ErsfcuSo3R4yPGxMUk4hWdnevtnYn8Ve6FLnAJb5DUZ,5eT94r7AMZKQevu1WDrNRqGUr37PAUTF686wxpyqvffK,1725671892,2024-09-07T01:18:12.000Z,Pump.fun,Pump.fun,buy,19.198582835423082,0.00000438260411378669,So11111111111111111111111111111111111111112,SOL,9,154090625,0.154090625,62F1XLbKEPq3eBUQrLdrwgBQxjxvwZAJ5gNoJkwc8tow,encrypted,6,4380633599788,4380633.599788
4FNrKMfd7RLADHYoC5UNGSvg7AZUKrYa5KfWnNWr13FNfCrUtni6GACqTY9ZwRAm3vZiY5N8uTkijDpxD6qdbN6U,7xgJcD9EQfsUQCodZC9ZrASyd5cDeYq422oC3SNvSEb6,1725671892,2024-09-07T01:18:12.000Z,Pump.fun,Pump.fun,sell,21.901578213187097,0.000004379772035794736,62F1XLbKEPq3eBUQrLdrwgBQxjxvwZAJ5gNoJkwc8tow,encrypted,6,5000620588056,5000620.588056,So11111111111111111111111111111111111111112,SOL,9,175785260,0.17578526
3cuC52Yd7YwPxkVG6jMzQbwHZq3d6gwXheGvGMa2RDwwbAwMvUTxaJEiNnKGBEaUucb38SjDiBBvviLct5wBuiUm,HHyqrACzTxZdDn8YjWLYPNQzBX9DFyX7U5g6TWepmxtg,1725671892,2024-09-07T01:18:12.000Z,Pump.fun,Pump.fun,sell,144.14580294922445,0.000004206704323410468,62F1XLbKEPq3eBUQrLdrwgBQxjxvwZAJ5gNoJkwc8tow,encrypted,6,34265732000000,34265732,So11111111111111111111111111111111111111112,SOL,9,1156935231,1.156935231
5Vp8pJgyPe8UZ7HVPq6bbrcznX5mPGuetqJYQ96uSwf3nTNPtwqwupJYgBmyJsTDrWWWsLmyVeXTBpdcyRfHF4HA,6eud5YT7Pzg9vWde9zSW2ygMeBwBb6GCbzBtCe41NN77,1725671891,2024-09-07T01:18:11.000Z,Pump.fun,Pump.fun,sell,49.91172941618021,0.0000044150927617208324,62F1XLbKEPq3eBUQrLdrwgBQxjxvwZAJ5gNoJkwc8tow,encrypted,6,11304797454975,11304797.454975,So11111111111111111111111111111111111111112,SOL,9,400556921,0.400556921
3BLTbyY6q27EbUntXyeKCo5Vbaxy82C5DYZG5YWhLKrgDQLBJwNK54MLxiUfC4Vfayid5Xmig3V79ZspWwQ2p1rZ,24esUiovAoCfVhx1deNY4rCB8S2GSCZfSjFqb9fYsq9R,1725671890,2024-09-07T01:18:10.000Z,Pump.fun,Pump.fun,sell,39.75090900119857,0.000004657328823400329,62F1XLbKEPq3eBUQrLdrwgBQxjxvwZAJ5gNoJkwc8tow,encrypted,6,8535130438176,8535130.438176,So11111111111111111111111111111111111111112,SOL,9,319013224,0.319013224
3iwBPBFPFgUuXNhz3Amq4avSDfyksQMFvM2kjVGzYQGCN9fexz3mmx5UAyP59SqX2G5KrSYZMAyA7wnrX1KkdpgA,24esUiovAoCfVhx1deNY4rCB8S2GSCZfSjFqb9fYsq9R,1725671890,2024-09-07T01:18:10.000Z,Pump.fun,Pump.fun,buy,11.35904881065427,0.000004455781168675621,So11111111111111111111111111111111111111112,SOL,9,91159847,0.091159847,62F1XLbKEPq3eBUQrLdrwgBQxjxvwZAJ5gNoJkwc8tow,encrypted,6,2549283364836,2549283.364836
3BLTbyY6q27EbUntXyeKCo5Vbaxy82C5DYZG5YWhLKrgDQLBJwNK54MLxiUfC4Vfayid5Xmig3V79ZspWwQ2p1rZ,29HHguuMs3YhdGqBCWyWu18WqtztTKune5TEH8Vds26Q,1725671890,2024-09-07T01:18:10.000Z,Pump.fun,Pump.fun,sell,102.50676112071764,0.000004504741885941739,62F1XLbKEPq3eBUQrLdrwgBQxjxvwZAJ5gNoJkwc8tow,encrypted,6,22755301794453,22755301.794453,So11111111111111111111111111111111111111112,SOL,9,822648165,0.822648165
wrgYbQHUgQv7GK2PKoNCVcLb5FqLESYyDJ4SZ6mAjrjDLT5Yv3ZjmmVeDiewTBuqt4SjApHUvfhU8ELAe5Sfywg,2HpvvY7TcbSdr8uNrDBUyEvbD9mcjg4ssmWQFcQcwJap,1725671890,2024-09-07T01:18:10.000Z,Pump.fun,BSfD6SHZigAfDWSjzD5Q41jw8LmKwtmjskPH9XW1mrRW,buy,122.13839215776242,0.000007536759180490449,So11111111111111111111111111111111111111112,SOL,9,980198019,0.980198019,62F1XLbKEPq3eBUQrLdrwgBQxjxvwZAJ5gNoJkwc8tow,encrypted,6,16205691230513,16205691.230513
4kQvx92SrQdviCnLP8NjjgGSKVh91TTspaTmY1LoowJHutHzDpYLZvg7XTcazFs1Uxd5YKN15mEFjKsz9QrD1CZb,34FGTUrHpdUkEMAgkxm4WWNrTP5dJCXf7ApX5dR41g8W,1725671890,2024-09-07T01:18:10.000Z,Pump.fun,Pump.fun,sell,95.25441745002931,0.000005505044569226594,62F1XLbKEPq3eBUQrLdrwgBQxjxvwZAJ5gNoJkwc8tow,encrypted,6,17303114670952,17303114.670952,So11111111111111111111111111111111111111112,SOL,9,764445885,0.764445885
7sUEUXTisiHUqzNNJSWEskehHKTHXH8aakgeBc1DfRK5PX1veFES8M3415pdrvPQvVwN2MkAuWQ1VWzP1cuqYTg,3SKGpx1MzyrTByiHUCcXbhJpFSqAPAV6E74GhDW9dusp,1725671890,2024-09-07T01:18:10.000Z,Pump.fun,Pump.fun,sell,177.45177503058076,0.000007030962707126508,62F1XLbKEPq3eBUQrLdrwgBQxjxvwZAJ5gNoJkwc8tow,encrypted,6,25238617017655,25238617.017655,So11111111111111111111111111111111111111112,SOL,9,1424104864,1.424104864
4uaMZfps5Nu939zdggf34G4q8u4ynJrrJrwp8moXfJSugajvMfewLHFtqTMpKoFJrC4edguKp4tshmpXjyWz5zMi,3gaC8X2NF77RBPdmRsp6He8ZMp2KS2bfrfo6Q8X7RsAk,1725671890,2024-09-07T01:18:10.000Z,Pump.fun,Pump.fun,sell,75.47742697829543,0.0000047820657909278205,62F1XLbKEPq3eBUQrLdrwgBQxjxvwZAJ5gNoJkwc8tow,encrypted,6,15783435502181,15783435.502181,So11111111111111111111111111111111111111112,SOL,9,605729477,0.605729477
4uaMZfps5Nu939zdggf34G4q8u4ynJrrJrwp8moXfJSugajvMfewLHFtqTMpKoFJrC4edguKp4tshmpXjyWz5zMi,7xgJcD9EQfsUQCodZC9ZrASyd5cDeYq422oC3SNvSEb6,1725671890,2024-09-07T01:18:10.000Z,Pump.fun,Pump.fun,sell,73.87599815102426,0.0000051790161933858875,62F1XLbKEPq3eBUQrLdrwgBQxjxvwZAJ5gNoJkwc8tow,encrypted,6,14264484873666,14264484.873666,So11111111111111111111111111111111111111112,SOL,9,592877520,0.59287752
5ZTLaxZvjKFxtq8DPRAT3j989EhZs1mrpexT7LQWCqstqJ6ac1YuxEwSmDcgD37RcQQEPHBnpHzH7RBqwo2EmLob,7xgJcD9EQfsUQCodZC9ZrASyd5cDeYq422oC3SNvSEb6,1725671890,2024-09-07T01:18:10.000Z,Pump.fun,Pump.fun,buy,22.10553085297101,0.000004420557501556936,So11111111111111111111111111111111111111112,SOL,9,177403658,0.177403658,62F1XLbKEPq3eBUQrLdrwgBQxjxvwZAJ5gNoJkwc8tow,encrypted,6,5000620588056,5000620.588056
7sUEUXTisiHUqzNNJSWEskehHKTHXH8aakgeBc1DfRK5PX1veFES8M3415pdrvPQvVwN2MkAuWQ1VWzP1cuqYTg,9MY8ExqC1dxaZsMmTLw3tWeWqKoQX2RJkJETMfCnEMBV,1725671890,2024-09-07T01:18:10.000Z,Pump.fun,Pump.fun,sell,159.63951016987397,0.00000748477986696442,62F1XLbKEPq3eBUQrLdrwgBQxjxvwZAJ5gNoJkwc8tow,encrypted,6,21328551140759,21328551.140759,So11111111111111111111111111111111111111112,SOL,9,1281155981,1.281155981
4kQvx92SrQdviCnLP8NjjgGSKVh91TTspaTmY1LoowJHutHzDpYLZvg7XTcazFs1Uxd5YKN15mEFjKsz9QrD1CZb,9pmAPJPLFZhm9wnqLv9DuMn7v4xeeDDApZP8qHsHCTY5,1725671890,2024-09-07T01:18:10.000Z,Pump.fun,Pump.fun,sell,178.7796059547434,0.00000600201788418625,62F1XLbKEPq3eBUQrLdrwgBQxjxvwZAJ5gNoJkwc8tow,encrypted,6,29786583346541,29786583.346541,So11111111111111111111111111111111111111112,SOL,9,1434761114,1.434761114
4uaMZfps5Nu939zdggf34G4q8u4ynJrrJrwp8moXfJSugajvMfewLHFtqTMpKoFJrC4edguKp4tshmpXjyWz5zMi,AHLnjUmKFzGKWVvNqT8nGRkRfvUU2WAVFggD1T4xMNDs,1725671890,2024-09-07T01:18:10.000Z,Pump.fun,Pump.fun,sell,103.45959377641573,0.000004979135785842209,62F1XLbKEPq3eBUQrLdrwgBQxjxvwZAJ5gNoJkwc8tow,encrypted,6,20778624690372,20778624.690372,So11111111111111111111111111111111111111112,SOL,9,830294939,0.830294939
7sUEUXTisiHUqzNNJSWEskehHKTHXH8aakgeBc1DfRK5PX1veFES8M3415pdrvPQvVwN2MkAuWQ1VWzP1cuqYTg,Bj5jnEgYo1LMxD3hvwpCQrtiTXVDX6pgcWFDf65Hcycb,1725671890,2024-09-07T01:18:10.000Z,Pump.fun,Pump.fun,sell,134.52618785971194,0.000006624757047916582,62F1XLbKEPq3eBUQrLdrwgBQxjxvwZAJ5gNoJkwc8tow,encrypted,6,20306584360255,20306584.360255,So11111111111111111111111111111111111111112,SOL,9,1079613875,1.079613875
4kQvx92SrQdviCnLP8NjjgGSKVh91TTspaTmY1LoowJHutHzDpYLZvg7XTcazFs1Uxd5YKN15mEFjKsz9QrD1CZb,D9BE8aoz7CAE6N7e21Xeix8LNNJdbed946BruZutXpKC,1725671890,2024-09-07T01:18:10.000Z,Pump.fun,Pump.fun,sell,71.07912138267204,0.000005701893152898975,62F1XLbKEPq3eBUQrLdrwgBQxjxvwZAJ5gNoJkwc8tow,encrypted,6,12465880976134,12465880.976134,So11111111111111111111111111111111111111112,SOL,9,570431727,0.570431727
4uaMZfps5Nu939zdggf34G4q8u4ynJrrJrwp8moXfJSugajvMfewLHFtqTMpKoFJrC4edguKp4tshmpXjyWz5zMi,DzDo1mY6MaLMNU9mYCXuPpuCKbj3sbp9o42gkTDPvhu,1725671890,2024-09-07T01:18:10.000Z,Pump.fun,Pump.fun,sell,56.79729680978933,0.000005328708829571793,62F1XLbKEPq3eBUQrLdrwgBQxjxvwZAJ5gNoJkwc8tow,encrypted,6,10658735282099,10658735.282099,So11111111111111111111111111111111111111112,SOL,9,455815709,0.455815709
4kQvx92SrQdviCnLP8NjjgGSKVh91TTspaTmY1LoowJHutHzDpYLZvg7XTcazFs1Uxd5YKN15mEFjKsz9QrD1CZb,FmvgFDaA1g5wLfFscUdmxfZT4BSpWWfayGwferS9PPZc,1725671890,2024-09-07T01:18:10.000Z,Pump.fun,Pump.fun,sell,91.23175682715164,0.000006338384363601268,62F1XLbKEPq3eBUQrLdrwgBQxjxvwZAJ5gNoJkwc8tow,encrypted,6,14393534944182,14393534.944182,So11111111111111111111111111111111111111112,SOL,9,732162801,0.732162801
sGqprKmYHfbp7UmD9hnPx5XzA9egit89eRCpksYU6CzY7f3UoAK6XWwHpCUPjQMkCodpeeiTvS6aWV1GibmrcSC,7LPvnrYsT8RgkSMTDKC8wx2rqoNKtwAP2ziqGhtCDBHH,1725671889,2024-09-07T01:18:09.000Z,Pump.fun,BSfD6SHZigAfDWSjzD5Q41jw8LmKwtmjskPH9XW1mrRW,buy,85.49687447305195,0.0000072552839950139696,So11111111111111111111111111111111111111112,SOL,9,686138613,0.686138613,62F1XLbKEPq3eBUQrLdrwgBQxjxvwZAJ5gNoJkwc8tow,encrypted,6,11784083783875,11784083.783875
q5dBqamXvrMywpcoyY9tk6HV4QWVd31yPuPpxXPhdC9xcnqRNvSLCwS7YLtExh7JT8yUBasCbbHayRHqEKLfPZD,D9BE8aoz7CAE6N7e21Xeix8LNNJdbed946BruZutXpKC,1725671889,2024-09-07T01:18:09.000Z,Pump.fun,Pump.fun,buy,29.47276882865362,0.00000710187908800844,So11111111111111111111111111111111111111112,SOL,9,236528000,0.236528,62F1XLbKEPq3eBUQrLdrwgBQxjxvwZAJ5gNoJkwc8tow,encrypted,6,4149995862140,4149995.86214
NB5LSDoauinRMhgYkXdQkve3P9PvYMWUtayF4DvxwbGt9UixUgMxAKUSJ7Fs3hZjEh7XZGZZMtDaNsbFjtkiJ1p,24esUiovAoCfVhx1deNY4rCB8S2GSCZfSjFqb9fYsq9R,1725671887,2024-09-07T01:18:07.000Z,Pump.fun,Pump.fun,buy,59.606571609465156,0.000006983674361068508,So11111111111111111111111111111111111111112,SOL,9,478361000,0.478361,62F1XLbKEPq3eBUQrLdrwgBQxjxvwZAJ5gNoJkwc8tow,encrypted,6,8535130438176,8535130.438176
4UiMhG7f6zmLXD6fJp5yd4KyiHMn8a1jWQfF4SZS7cihTD5ysWfqaAv2k4bTgGB6TjDft6dWnrPJxP7xdXSdMDJ2,3gaC8X2NF77RBPdmRsp6He8ZMp2KS2bfrfo6Q8X7RsAk,1725671886,2024-09-07T01:18:06.000Z,Pump.fun,Pump.fun,buy,32.37831098093801,0.000006862981046062791,So11111111111111111111111111111111111111112,SOL,9,259845866,0.259845866,62F1XLbKEPq3eBUQrLdrwgBQxjxvwZAJ5gNoJkwc8tow,encrypted,6,4717820253855,4717820.253855
3aa1WiQK9JKoH5UgAJeSvJ4u77LEeZJ7vP6rsoaCfwv8H7sRZKr55BVciFa4iyKJEstgxAo2W1VWukQqhxizWUyN,7xgJcD9EQfsUQCodZC9ZrASyd5cDeYq422oC3SNvSEb6,1725671886,2024-09-07T01:18:06.000Z,Pump.fun,Pump.fun,buy,39.443324732117354,0.00000676932367353946,So11111111111111111111111111111111111111112,SOL,9,316544766,0.316544766,62F1XLbKEPq3eBUQrLdrwgBQxjxvwZAJ5gNoJkwc8tow,encrypted,6,5826774820400,5826774.8204
2xuwubSAM1j4sRekQjG7TJc78fd9rGtNedQU3UNwtUVvNa7hPAowBrMfsfyCErTSg6mTwWTzJCkAa7FxPY3jaLtB,HLguf9KTcjBNDHKzD3geoTRxkoZtw1BSs6YY3YT3Ncvu,1725671886,2024-09-07T01:18:06.000Z,Pump.fun,BSfD6SHZigAfDWSjzD5Q41jw8LmKwtmjskPH9XW1mrRW,sell,82.26336853925477,0.000006824862902212254,62F1XLbKEPq3eBUQrLdrwgBQxjxvwZAJ5gNoJkwc8tow,encrypted,6,12053482937011,12053482.937011,So11111111111111111111111111111111111111112,SOL,9,660176767,0.660176767
2V98yDpxadGwh5W5JbUU8YcSTN3U4saXY19ssTrLWtzbLN2yD1Af99Het1GkKnSMJhHejGevwKN7g8zN4RGFboVi,Bj5jnEgYo1LMxD3hvwpCQrtiTXVDX6pgcWFDf65Hcycb,1725671885,2024-09-07T01:18:05.000Z,Pump.fun,Pump.fun,buy,24.91501454082278,0.000006316827201031531,So11111111111111111111111111111111111111112,SOL,9,199947000,0.199947,62F1XLbKEPq3eBUQrLdrwgBQxjxvwZAJ5gNoJkwc8tow,encrypted,6,3944229238494,3944229.238494
4a8kWWFkzAfnrhiNEnNbRvspQweRUR2HnECnGLLZNk7rvM7wB9NTxmEDMKTPs2m8v1rCPTiV1jJh9KwG2f4VmPVX,HHyqrACzTxZdDn8YjWLYPNQzBX9DFyX7U5g6TWepmxtg,1725671885,2024-09-07T01:18:05.000Z,Pump.fun,Pump.fun,buy,227.32405025143453,0.000006634151292942889,So11111111111111111111111111111111111111112,SOL,9,1824312075,1.824312075,62F1XLbKEPq3eBUQrLdrwgBQxjxvwZAJ5gNoJkwc8tow,encrypted,6,34265732000000,34265732
3zPRHDdMyqRypBJWccZ4u5uDPvuFvUapvAJqN6QcvoVt2QjJXbXdwtGr1Ue4HxzFT5thKcfnYuPyrVR6H6RPqt8k,67bYX3Y8SBLsPm4WuRuborZTHgTVA9dxsns4bQtGwFsd,1725671884,2024-09-07T01:18:04.000Z,Pump.fun,Pump.fun,buy,128.92778407344437,0.000006124244074162248,So11111111111111111111111111111111111111112,SOL,9,1034666209,1.034666209,62F1XLbKEPq3eBUQrLdrwgBQxjxvwZAJ5gNoJkwc8tow,encrypted,6,21052032301812,21052032.301812
5Z2jnSodUmZ12QyYUfuSnDKNLiwLzVN7FVKXYvTTcBipNpjvGoXkXigePF4htThoaTCPxzVhiSCeVkeUvDdFdRU4,AHLnjUmKFzGKWVvNqT8nGRkRfvUU2WAVFggD1T4xMNDs,1725671884,2024-09-07T01:18:04.000Z,Pump.fun,Pump.fun,buy,44.861281339417324,0.000006099580245309179,So11111111111111111111111111111111111111112,SOL,9,360019000,0.360019,62F1XLbKEPq3eBUQrLdrwgBQxjxvwZAJ5gNoJkwc8tow,encrypted,6,7354814517592,7354814.517592
4Jcrz2hGg3cQwRHFRdGLarzKh5585oQBjZm3LN3gywAwagEsgzQjDsX8BHYSxhWQAC5rZH9Yrd1ac2xq118AiNpW,G3i53Yh3w5CAZA29xph2YvcDA2MLNvMuYjWLmLPhPieN,1725671884,2024-09-07T01:18:04.000Z,Pump.fun,BSfD6SHZigAfDWSjzD5Q41jw8LmKwtmjskPH9XW1mrRW,sell,76.53595326480166,0.000006060343047278182,62F1XLbKEPq3eBUQrLdrwgBQxjxvwZAJ5gNoJkwc8tow,encrypted,6,12628980351067,12628980.351067,So11111111111111111111111111111111111111112,SOL,9,614213338,0.614213338
2pfR6kGoVA6BBYbsQdSmWcFQkWrfCNoZKipfmNfDGJSDra4jwZxYjeb1UdqUWrpPfoS5pg4jNRtyfPi8kFDFY6vT,D9BE8aoz7CAE6N7e21Xeix8LNNJdbed946BruZutXpKC,1725671882,2024-09-07T01:18:02.000Z,Pump.fun,Pump.fun,buy,49.77450815148623,0.000005985473280255582,So11111111111111111111111111111111111111112,SOL,9,399312000,0.399312,62F1XLbKEPq3eBUQrLdrwgBQxjxvwZAJ5gNoJkwc8tow,encrypted,6,8315885113994,8315885.113994
2GMt7KUSPEpueQqq8KxASoB8ezSvLxmb8KsJVdyntuAQxCMTaEM9sdSwCApjhesEHkAY1cSvcR4EXpbYrSjhSYFH,F6AndaPKN8VYtGdNem7HGY3fE12jqJfL2yoHoijCeEzD,1725671882,2024-09-07T01:18:02.000Z,Pump.fun,BSfD6SHZigAfDWSjzD5Q41jw8LmKwtmjskPH9XW1mrRW,buy,134.40057328715946,0.000005761669794508921,So11111111111111111111111111111111111111112,SOL,9,1078217821,1.078217821,62F1XLbKEPq3eBUQrLdrwgBQxjxvwZAJ5gNoJkwc8tow,encrypted,6,23326670579985,23326670.579985
x3zbexwJ5YanDnmno7aGJqECdLng43HcAGtUN5YJ8a56w9ZW4Z1nAtaAxRmtyhdTdoDT3rQSNWaQStMXmAo4fyD,FmvgFDaA1g5wLfFscUdmxfZT4BSpWWfayGwferS9PPZc,1725671880,2024-09-07T01:18:00.000Z,Pump.fun,Pump.fun,buy,79.29614946969666,0.000005509150446864264,So11111111111111111111111111111111111111112,SOL,9,636147000,0.636147,62F1XLbKEPq3eBUQrLdrwgBQxjxvwZAJ5gNoJkwc8tow,encrypted,6,14393534944182,14393534.944182
K4NVsUQt7L2vhgmvBZhPbb6cMaEfvreKGNN87fMqkPMPpugRquWUtEG8RBu3RQ9jmx2wG4mieLpeQsWjD6PDrkD,9MY8ExqC1dxaZsMmTLw3tWeWqKoQX2RJkJETMfCnEMBV,1725671878,2024-09-07T01:17:58.000Z,Pump.fun,Pump.fun,buy,61.51685052258028,0.000005345538506754527,So11111111111111111111111111111111111111112,SOL,9,493514000,0.493514,62F1XLbKEPq3eBUQrLdrwgBQxjxvwZAJ5gNoJkwc8tow,encrypted,6,11508073591622,11508073.591622
2mokwKr7V43hfJnXVugD77afZyG5RHmtQphE8JEsZauQDmbiu76r5tVbNcdzcQHDJZw81YcsHCmebYYzvLXgjbnJ,34FGTUrHpdUkEMAgkxm4WWNrTP5dJCXf7ApX5dR41g8W,1725671877,2024-09-07T01:17:57.000Z,Pump.fun,Pump.fun,buy,56.7809976351153,0.000005209900789678118,So11111111111111111111111111111111111111112,SOL,9,455521000,0.455521,62F1XLbKEPq3eBUQrLdrwgBQxjxvwZAJ5gNoJkwc8tow,encrypted,6,10898671573096,10898671.573096
4jyaKMA67mYxNrcnPhCbdtnMCofKBMYeRKFSftdkLCwvC4pmXJcttsdpajFtMco2SJfS877DBPYMY5kbkG9KHZxt,6eud5YT7Pzg9vWde9zSW2ygMeBwBb6GCbzBtCe41NN77,1725671876,2024-09-07T01:17:56.000Z,Pump.fun,Pump.fun,buy,57.43470002506635,0.000005080559846721585,So11111111111111111111111111111111111111112,SOL,9,460765275,0.460765275,62F1XLbKEPq3eBUQrLdrwgBQxjxvwZAJ5gNoJkwc8tow,encrypted,6,11304797454975,11304797.454975
Q132XykGMeQs3mbLJpvfn9MLgfCLQMsfx8Zvv25LKLqGUNdwZoSL6NyEwnp1Yj45mdtTa4X4vjRddg9kiiozMA5,9MY8ExqC1dxaZsMmTLw3tWeWqKoQX2RJkJETMfCnEMBV,1725671875,2024-09-07T01:17:55.000Z,Pump.fun,Pump.fun,buy,48.72781647944024,0.000004961858141381559,So11111111111111111111111111111111111111112,SOL,9,390915000,0.390915,62F1XLbKEPq3eBUQrLdrwgBQxjxvwZAJ5gNoJkwc8tow,encrypted,6,9820477549137,9820477.549137
4fJmCziKxh4nFHJZVmMS9yZvxiTf1CtRxnbnWMZgh3Afzu46zhpxqeF1UWdgqXQSy3PmFeZALsdP5YJAbxD9kWiq,DzDo1mY6MaLMNU9mYCXuPpuCKbj3sbp9o42gkTDPvhu,1725671874,2024-09-07T01:17:54.000Z,Pump.fun,Pump.fun,buy,51.69420984657663,0.000004849938428754806,So11111111111111111111111111111111111111112,SOL,9,414785000,0.414785,62F1XLbKEPq3eBUQrLdrwgBQxjxvwZAJ5gNoJkwc8tow,encrypted,6,10658735282099,10658735.282099
3nA1F2FRAXEnMnhSivBPR9TZsiLShJ6R1sJxsVDKwG2dfwKgkg9xTBFSkqm2fPeVh8k5EEQevJLNCVTF1EXNDb1Q,Bj5jnEgYo1LMxD3hvwpCQrtiTXVDX6pgcWFDf65Hcycb,1725671873,2024-09-07T01:17:53.000Z,Pump.fun,Pump.fun,buy,77.04582381857107,0.0000047087245842809335,So11111111111111111111111111111111111111112,SOL,9,618265000,0.618265,62F1XLbKEPq3eBUQrLdrwgBQxjxvwZAJ5gNoJkwc8tow,encrypted,6,16362355121761,16362355.121761
NKvafjqPwoY9QH1iRn7w6F6bLvQNGhhQoTNyiDNAii7e4Xb48UnXfYzv9EiAmt2pSvhHcVyXSNFFhP3sWsrZJcf,7xgJcD9EQfsUQCodZC9ZrASyd5cDeYq422oC3SNvSEb6,1725671871,2024-09-07T01:17:51.000Z,Pump.fun,Pump.fun,buy,38.6822336980849,0.000004584446900152974,So11111111111111111111111111111111111111112,SOL,9,310411000,0.310411,62F1XLbKEPq3eBUQrLdrwgBQxjxvwZAJ5gNoJkwc8tow,encrypted,6,8437710053266,8437710.053266
b1D5KoPy86TDgc2Ac2x4z7CQQioceu8vhcQ3La2idqmUrpK1mEMJoHjGZSjaGmnCb4RmGBzM7ZUiQYCJLMNo4s9,9pmAPJPLFZhm9wnqLv9DuMn7v4xeeDDApZP8qHsHCTY5,1725671870,2024-09-07T01:17:50.000Z,Pump.fun,Pump.fun,buy,43.47050845513049,0.000004496459566472586,So11111111111111111111111111111111111111112,SOL,9,348878000,0.348878,62F1XLbKEPq3eBUQrLdrwgBQxjxvwZAJ5gNoJkwc8tow,encrypted,6,9667719193844,9667719.193844
3k5tZYxg2kkZmyjhz4NeJj2e27V1PeMFR3sziwgUKHKMLivPTrqALkqjLdevJ29nAfrRJ2bFok3VmnAdzLQRzDdd,3SKGpx1MzyrTByiHUCcXbhJpFSqAPAV6E74GhDW9dusp,1725671869,2024-09-07T01:17:49.000Z,Pump.fun,Pump.fun,buy,34.69997657966634,0.000004414115114037419,So11111111111111111111111111111111111111112,SOL,9,278489000,0.278489,62F1XLbKEPq3eBUQrLdrwgBQxjxvwZAJ5gNoJkwc8tow,encrypted,6,7861139930247,7861139.930247
bE4X23bf9h8uHsyhuAN3TXXhe2EszL87hBVzXVbUzzvoXcxE25ByvDn2dZZe81jRKweiCeDvdVZVz4gunwv6GSm,AHLnjUmKFzGKWVvNqT8nGRkRfvUU2WAVFggD1T4xMNDs,1725671868,2024-09-07T01:17:48.000Z,Pump.fun,Pump.fun,buy,40.52133004713548,0.00000433552808406819,So11111111111111111111111111111111111111112,SOL,9,325209000,0.325209,62F1XLbKEPq3eBUQrLdrwgBQxjxvwZAJ5gNoJkwc8tow,encrypted,6,9346342420440,9346342.42044
NTppRcDvcyxUSf32UMHCn1a8DcnUy8dH4d2ykWxWBn4snLfnwVtzBUq5FUx2vGfGzegoSJHGAhrBJf6KGzNeyMe,34FGTUrHpdUkEMAgkxm4WWNrTP5dJCXf7ApX5dR41g8W,1725671867,2024-09-07T01:17:47.000Z,Pump.fun,Pump.fun,buy,27.31712478911666,0.000004265339604353976,So11111111111111111111111111111111111111112,SOL,9,219237000,0.219237,62F1XLbKEPq3eBUQrLdrwgBQxjxvwZAJ5gNoJkwc8tow,encrypted,6,6404443097856,6404443.097856
nKQKNrdsC1ZPE3pCf1SSLQKCcQaxt37G73XkxBxCwZDKH4ifEGyjqfT1TNv2NDtW9QGfSch5C3jReJsKDPm5FTD,HLguf9KTcjBNDHKzD3geoTRxkoZtw1BSs6YY3YT3Ncvu,1725671866,2024-09-07T01:17:46.000Z,Pump.fun,BSfD6SHZigAfDWSjzD5Q41jw8LmKwtmjskPH9XW1mrRW,buy,12.213354204451722,0.000004224708961759767,So11111111111111111111111111111111111111112,SOL,9,98019801,0.098019801,62F1XLbKEPq3eBUQrLdrwgBQxjxvwZAJ5gNoJkwc8tow,encrypted,6,2890933864321,2890933.864321
1yJPhFRiPsyiY8wLvJMMW87dkcDGXn3rWGmzYDKGU1SnkYo34p2vM4DV3PaT1QUqFCaNSSpLij3h2PRN5xHfLVv,3gaC8X2NF77RBPdmRsp6He8ZMp2KS2bfrfo6Q8X7RsAk,1725671865,2024-09-07T01:17:45.000Z,Pump.fun,Pump.fun,buy,46.08326494081264,0.000004164546110328939,So11111111111111111111111111111111111111112,SOL,9,369884000,0.369884,62F1XLbKEPq3eBUQrLdrwgBQxjxvwZAJ5gNoJkwc8tow,encrypted,6,11065615248326,11065615.248326
22gnFy5A92exd4dUkQPCEpcrPkPxDPWkdxop7Vk29ccrthZSRTCi5mg1WGJajMeYL4xUyo7khyHfxWu3RdwdXd2B,9pmAPJPLFZhm9wnqLv9DuMn7v4xeeDDApZP8qHsHCTY5,1725671864,2024-09-07T01:17:44.000Z,Pump.fun,Pump.fun,buy,80.66894751354445,0.000004009617387009918,So11111111111111111111111111111111111111112,SOL,9,647804000,0.647804,62F1XLbKEPq3eBUQrLdrwgBQxjxvwZAJ5gNoJkwc8tow,encrypted,6,20118864152697,20118864.152697
3suj21T7qMgXjhiMmWVHzf6Jy8tsq4TkukgZbtAjbvW9Ejm2aDe8SpXjm2aCad4TtJKBwFts2kPsF3mUzA4QDd9t,G3i53Yh3w5CAZA29xph2YvcDA2MLNvMuYjWLmLPhPieN,1725671864,2024-09-07T01:17:44.000Z,Pump.fun,BSfD6SHZigAfDWSjzD5Q41jw8LmKwtmjskPH9XW1mrRW,buy,12.206090394868003,0.000004103444397894245,So11111111111111111111111111111111111111112,SOL,9,98019801,0.098019801,62F1XLbKEPq3eBUQrLdrwgBQxjxvwZAJ5gNoJkwc8tow,encrypted,6,2974596268718,2974596.268718
5mmsiE2Jakagk3a9FZ8oqX8ybbrkzSxtSkNgk6oP7V7oVHPBKrQ12rZ3MnyCpiBzvQD3mGvb4kwbTpEk9Ft3b5tU,AHLnjUmKFzGKWVvNqT8nGRkRfvUU2WAVFggD1T4xMNDs,1725671862,2024-09-07T01:17:42.000Z,Pump.fun,Pump.fun,buy,15.965016680088558,0.0000039154243883171035,So11111111111111111111111111111111111111112,SOL,9,128157000,0.128157,62F1XLbKEPq3eBUQrLdrwgBQxjxvwZAJ5gNoJkwc8tow,encrypted,6,4077467752340,4077467.75234
kjNmPHe2ZccThoihUZWqbGcY3koxPoQd2dLTiyrsh7cor1GcUjrinJT9sQSnFEu2FfwtLEGEDGRtgBhR86xor3t,G3i53Yh3w5CAZA29xph2YvcDA2MLNvMuYjWLmLPhPieN,1725671861,2024-09-07T01:17:41.000Z,Pump.fun,BSfD6SHZigAfDWSjzD5Q41jw8LmKwtmjskPH9XW1mrRW,buy,36.632125484849965,0.000003794351371603711,So11111111111111111111111111111111111111112,SOL,9,294059405,0.294059405,62F1XLbKEPq3eBUQrLdrwgBQxjxvwZAJ5gNoJkwc8tow,encrypted,6,9654384082349,9654384.082349
2oURRiXdSw9BJhJzE4dwnFigHgfyQAuuuDtihsxuc58dXZWDSkn1okACLBqFmNccDkPTyW8bnAuc2U2ZKG3KETFK,HLguf9KTcjBNDHKzD3geoTRxkoZtw1BSs6YY3YT3Ncvu,1725671861,2024-09-07T01:17:41.000Z,Pump.fun,BSfD6SHZigAfDWSjzD5Q41jw8LmKwtmjskPH9XW1mrRW,buy,35.41105465611729,0.000003864760163922492,So11111111111111111111111111111111111111112,SOL,9,284257425,0.284257425,62F1XLbKEPq3eBUQrLdrwgBQxjxvwZAJ5gNoJkwc8tow,encrypted,6,9162549072690,9162549.07269
558EYzqSEwo1bT1FFCWfGtBsLGA2UAjG46emf1DWmivrYtU8SEAkHzDUB7LA4ZoM57pRSWkrDAMQgmB5KDv8SKJu,3SKGpx1MzyrTByiHUCcXbhJpFSqAPAV6E74GhDW9dusp,1725671859,2024-09-07T01:17:39.000Z,Pump.fun,Pump.fun,buy,64.23914508328025,0.00000369668996023761,So11111111111111111111111111111111111111112,SOL,9,515671000,0.515671,62F1XLbKEPq3eBUQrLdrwgBQxjxvwZAJ5gNoJkwc8tow,encrypted,6,17377477087408,17377477.087408
42WzSnHyWWFssxQZMASscAGqF47BVYM1ZBLzvNMg7sT9m2Joi76882MoebkVdecqPwUsAhSB45m6DJp9tce7vhFy,xUwUxxg5eLEVfowp1ki2we8JWJjukkriVLY39c55nqa,1725671856,2024-09-07T01:17:36.000Z,Pump.fun,Pump.fun,sell,33.44309247258331,0.0000036672390097965487,62F1XLbKEPq3eBUQrLdrwgBQxjxvwZAJ5gNoJkwc8tow,encrypted,6,9119419918703,9119419.918703,So11111111111111111111111111111111111111112,SOL,9,268469344,0.268469344
3Hk7nwUR1CQKNjAggDmkosVaGfhaLMEa1wNzCpreL38Uq3HkKnY3f7QdYTTF2sdyJu6sJ88X25HGNdmpkDdm3W54,AZ1wHjhG1v2r87HGKNPcH3sAouAPRVE7W3jpSMzP9Sje,1725671844,2024-09-07T01:17:24.000Z,Pump.fun,Pump.fun,sell,19.185921135211064,undefined,62F1XLbKEPq3eBUQrLdrwgBQxjxvwZAJ5gNoJkwc8tow,encrypted,6,5114828041745,5114828.041745,So11111111111111111111111111111111111111112,SOL,9,154043885,0.154043885
iU2115UT3JhmA5XvscPjQLZRu8miFR7hV8UwxdSjx74hJATRm3WE1pm69bhyYc5gHPCS3TYYj8tQNArL59rzFCM,Dr5awfLtvDmoKhyL83huJpAPVfT7L3uMzwNbwQbQYMPM,1725671844,2024-09-07T01:17:24.000Z,Pump.fun,Pump.fun,sell,17.551541335076145,0.0000037156770850188677,62F1XLbKEPq3eBUQrLdrwgBQxjxvwZAJ5gNoJkwc8tow,encrypted,6,4723645498109,4723645.498109,So11111111111111111111111111111111111111112,SOL,9,140918234,0.140918234
i5bhdW5edp7JkZaXinEUtbGz65W75SMerusvi1FKTB2618gTBvDgRX3MhEg34gt4PTqFA5rGSbssjK6p2YGD85o,29HHguuMs3YhdGqBCWyWu18WqtztTKune5TEH8Vds26Q,1725671843,2024-09-07T01:17:23.000Z,Pump.fun,Pump.fun,buy,80.95646729428562,undefined,So11111111111111111111111111111111111111112,SOL,9,650000000,0.65,62F1XLbKEPq3eBUQrLdrwgBQxjxvwZAJ5gNoJkwc8tow,null,6,22755301794453,22755301.794453
i5bhdW5edp7JkZaXinEUtbGz65W75SMerusvi1FKTB2618gTBvDgRX3MhEg34gt4PTqFA5rGSbssjK6p2YGD85o,29HHguuMs3YhdGqBCWyWu18WqtztTKune5TEH8Vds26Q,1725671843,2024-09-07T01:17:23.000Z,Pump.fun,Pump.fun,add,0,undefined,62F1XLbKEPq3eBUQrLdrwgBQxjxvwZAJ5gNoJkwc8tow,null,6,1000000000000000,undefined,So11111111111111111111111111111111111111112,SOL,9,0,undefined
4Bu5k5YjhzJckDiZL4i5P7SYBjsaGaT1fe1aYaffFPKr7WubG3FSRiwzMzpcVEERXqEVX6RyXSHgJxrj3r96tW7B,AZ1wHjhG1v2r87HGKNPcH3sAouAPRVE7W3jpSMzP9Sje,1725671843,2024-09-07T01:17:23.000Z,Pump.fun,Pump.fun,buy,18.682261683296677,undefined,So11111111111111111111111111111111111111112,SOL,9,150000000,0.15,62F1XLbKEPq3eBUQrLdrwgBQxjxvwZAJ5gNoJkwc8tow,encrypted,6,5114828041745,5114828.041745
emkpm8qwn7dLMpBgMQBTaCBXQ2aswpwPjpzubofbXw8r6cW6rgqerND7Xsft4TsXfAUuv41jNuGj7Y2bBqVuH2q,Dr5awfLtvDmoKhyL83huJpAPVfT7L3uMzwNbwQbQYMPM,1725671843,2024-09-07T01:17:23.000Z,Pump.fun,Pump.fun,buy,17.72527042602289,undefined,So11111111111111111111111111111111111111112,SOL,9,142316311,0.142316311,62F1XLbKEPq3eBUQrLdrwgBQxjxvwZAJ5gNoJkwc8tow,encrypted,6,4723645498109,4723645.498109
5PVNHeNAgM56ZqCBCuTQd1DwXYaPrBQfcnJHkMM3rvPUhFX4c2E3mKiZoDe2r42RrsaVm7EVHV5H2WCcZff1UEfd,xUwUxxg5eLEVfowp1ki2we8JWJjukkriVLY39c55nqa,1725671843,2024-09-07T01:17:23.000Z,Pump.fun,Pump.fun,buy,33.766961813450266,undefined,So11111111111111111111111111111111111111112,SOL,9,271115155,0.271115155,62F1XLbKEPq3eBUQrLdrwgBQxjxvwZAJ5gNoJkwc8tow,encrypted,6,9119419918703,9119419.918703
